<beans xmlns="http://www.springframework.org/schema/beans"
	xmlns:xsi="http://www.w3.org/2001/XMLSchema-instance" xmlns:context="http://www.springframework.org/schema/context"
	xsi:schemaLocation="http://www.springframework.org/schema/beans
     http://www.springframework.org/schema/beans/spring-beans-4.0.xsd
     http://www.springframework.org/schema/context
     http://www.springframework.org/schema/context/spring-context-4.0.xsd">

	<bean id="sbu" class="com.cg.bean.SBU">
		<property name="sbuId" value="123"></property>
		<property name="sbuName" value="Product Engineering Services"></property>
		<property name="sbuHead" value="Kiran Rao"></property>
		<property name="emp">
			<list>
				<ref bean="one" />
				<ref bean="two" />
			</list>
		</property>
	</bean>

	<bean id="one" class="com.cg.bean.Employee">
		<property name="empId" value="12345"></property>
		<property name="empName" value="Harriet"></property>
		<property name="empSal" value="40000.0"></property>
		<property name="businessUnit" value="PES-BU"></property>
		<property name="age" value="30"></property>

	</bean> <!-- creating object of bean class -->
	
	<bean id="two" class="com.cg.bean.Employee">
		<property name="empId" value="78945"></property>
		<property name="empName" value="Babitha"></property>
		<property name="empSal" value="15000.0"></property>
		<property name="businessUnit" value="PES-BU"></property>
		<property name="age" value="23"></property>
		
	</bean> <!-- creating object of bean class -->
</beans>