<?xml version="1.0" encoding="UTF-8"?>
<beans xmlns="http://www.springframework.org/schema/beans"
	xmlns:xsi="http://www.w3.org/2001/XMLSchema-instance" 
	xmlns:aop="http://www.springframework.org/schema/aop"
	xsi:schemaLocation="http://www.springframework.org/schema/beans 
	http://www.springframework.org/schema/beans/spring-beans-4.0.xsd">
	<bean id="Employee1" class="com.igate.Employee1">
	<property name="employeeId" value="101"/>
	<property name="employeeName" value="kusuma"/>
	<property name="salary" value="20000"/>
	<property name="businessUnit" value="FS"/>
	<property name="age" value="50"/>
	<property name="sbu" ref="SBU"/>
	</bean>
	<bean id="SBU" class="com.igate.SBU">
	<property name="sbuId" value="1001"/>
	<property name="sbuName" value="AppsNA"/>
	<property name="sbuHead" value="FS"/>
	</bean>
</beans>